EMAIL,FIRST_NAME,LAST_NAME,FULL_NAME
vincenzo@test.com,vincenzo,marshall,vincenzo marshall
shanai@test.com,shanai,armstrong,shanai hilton armstrong
cheyanne@test.com,cheyanne,kelley,cheyanne connelly kelley
ajwa@test.com,ajwa,thompson,ajwa thompson
test1@gmail.com,lorem,ipsum,lorem ipsum
test2@something.any,test,one,test one