EMAIL,FIRST_NAME,LAST_NAME,FULL_NAME
,vincenzo,marshall,vincenzo marshall
shanai2@test.com,,armstrong,shanai hilton armstrong
cheyanne2@test.com,cheyanne,,cheyanne connelly kelley
ajwa2@test.com,ajwa,thompson,
,,,
test1@gmail.com,test,one,test one