EMAIL,NAME,EXPECTED_FIRST_NAME,EXPECTED_LAST_NAME,EXPECTED_FULL_NAME
mavboy@hiowaht.com,Mae Algernon,mae,algernon,mae algernon
bruhecregrudda-6582@yopmail.com,Altansarnai Yaxkin Citlali,altansarnai,citlali,altansarnai yaxkin citlali
buduheicrommo-3109@yopmail.com,volodislavu zlata jasper,volodislavu,jasper,volodislavu zlata jasper
coimukatauba-2497@yopmail.com,Mariyam Gaetano,mariyam,gaetano,mariyam gaetano
test@gmail.com,Peeter Tivadar Éibhear Matt,peeter,matt,peeter tivadar éibhear matt
test@gmail.com,    Teste Tivadar Éibhear Matt,teste,matt,teste tivadar éibhear matt
coimukatauba-2490@yopmail.com,Mariyam Gaetano      ,mariyam,gaetano,mariyam gaetano
